{
    "loss": 0.43962371349334717,
    "accuracy": 0.9568965435028076
}